study_hours,attendance,previous_score,assignments_completed,sleep_hours,extracurricular,final_score
3.6,59.3,54.4,5,6.1,Yes,64.9
7.7,77.1,53.6,3,8.2,No,73.7
6.1,93.6,89.8,7,9.0,Yes,100.0
5.2,86.6,53.7,10,5.1,No,88.5
2.1,90.3,55.0,9,8.6,Yes,82.3
2.1,82.9,81.8,8,7.5,No,83.1
1.4,84.6,64.7,10,8.9,No,76.3
7.1,92.5,82.7,9,6.9,Yes,100.0
5.2,62.5,43.6,5,8.4,No,74.4
6.0,74.5,66.8,4,5.2,Yes,78.6
1.1,61.1,41.8,10,6.3,Yes,72.7
7.8,99.4,43.4,9,5.3,Yes,98.5
6.8,97.2,89.9,5,8.9,No,100.0
2.5,52.0,47.7,5,8.3,No,56.6
2.3,85.3,69.3,4,8.4,Yes,75.9
2.3,96.3,62.6,6,8.8,Yes,79.2
3.1,59.0,59.1,10,5.3,No,76.4
4.7,78.4,89.5,10,6.5,No,95.4
4.0,95.8,41.2,6,5.3,No,67.7
3.0,51.7,76.5,3,5.8,Yes,77.4
5.3,84.9,93.0,3,5.9,Yes,91.6
2.0,64.9,70.8,6,6.9,Yes,75.2
3.0,96.2,91.5,8,6.1,Yes,89.2
3.6,98.6,42.9,7,5.4,Yes,77.5
4.2,97.2,63.0,5,5.7,No,80.8
6.5,73.7,54.3,7,5.6,Yes,75.9
2.4,93.1,80.2,5,8.9,No,91.9
4.6,92.2,94.0,6,8.0,No,100.0
5.1,66.0,54.1,3,8.9,Yes,74.7
1.3,91.4,76.0,8,6.8,No,71.3
5.3,51.9,50.9,3,6.1,Yes,70.4
2.2,79.8,71.1,7,8.2,No,76.9
1.5,61.5,65.5,3,6.3,Yes,63.0
7.6,56.0,93.5,6,6.2,Yes,99.4
7.8,53.8,73.5,8,5.9,No,93.8
6.7,84.8,59.2,7,5.5,Yes,97.7
3.1,67.0,46.3,8,6.0,No,69.2
1.7,86.2,48.3,10,6.4,Yes,67.6
5.8,53.3,52.4,5,7.7,Yes,83.7
4.1,65.8,53.8,3,5.3,Yes,75.3
1.9,77.0,86.8,8,5.8,No,93.7
4.5,89.5,70.9,4,8.2,No,77.9
1.2,65.9,68.8,10,5.6,Yes,73.0
7.4,81.3,46.3,3,6.4,No,69.8
2.8,94.3,87.3,5,8.5,Yes,91.3
5.6,80.8,79.8,8,5.6,No,88.2
3.2,61.6,43.7,7,5.3,No,71.6
4.6,51.2,78.9,5,6.9,Yes,75.8
4.8,93.5,69.9,4,6.2,Yes,76.9
2.3,51.1,44.5,8,7.3,Yes,61.1
7.8,93.7,65.2,9,8.2,Yes,96.4
6.4,76.4,66.7,9,5.5,Yes,96.6
7.6,97.0,49.1,6,7.3,No,81.5
7.3,89.9,92.0,3,7.0,No,99.0
5.2,99.9,86.7,7,5.6,Yes,87.6
7.5,67.5,76.8,6,7.5,Yes,95.4
1.6,88.4,65.4,8,6.1,Yes,83.8
2.4,70.1,62.6,9,7.0,No,74.8
1.3,74.0,75.8,9,5.3,Yes,70.4
3.3,81.4,70.0,9,6.8,Yes,84.6
3.7,93.7,43.4,8,6.2,No,74.8
2.9,99.2,68.2,9,8.3,No,88.6
6.8,88.4,84.4,5,5.2,No,87.3
3.5,70.9,65.3,10,6.7,No,82.6
3.0,71.1,42.9,8,6.8,Yes,56.5
4.8,86.9,83.2,7,7.9,No,89.2
2.0,61.9,51.1,10,7.3,No,64.9
6.6,55.5,54.2,6,7.7,Yes,86.0
1.5,67.7,49.1,7,8.1,Yes,65.9
7.9,64.4,58.2,10,8.4,Yes,91.6
6.4,64.8,81.6,4,6.3,No,80.9
2.4,61.7,68.6,9,7.2,Yes,77.3
1.0,52.1,51.3,4,8.4,No,53.2
6.7,50.9,88.3,3,9.0,No,85.5
5.9,99.4,88.4,3,8.6,No,94.4
6.1,71.4,87.9,10,6.5,Yes,100.0
6.4,69.2,53.1,4,5.8,No,73.6
1.5,84.0,64.8,8,7.0,Yes,74.7
3.5,60.9,94.2,7,8.0,Yes,98.5
1.8,97.5,82.5,4,7.0,Yes,72.8
7.0,89.3,41.5,3,6.9,No,70.4
5.4,54.5,43.6,4,8.4,No,73.0
3.3,70.9,65.5,8,6.4,No,72.1
1.4,94.0,90.0,4,8.4,Yes,80.6
3.2,97.2,69.6,7,6.6,No,78.0
3.3,73.4,67.4,6,6.3,No,72.3
6.1,80.7,45.8,8,6.8,No,90.8
5.5,58.4,76.1,3,8.0,No,83.7
7.2,99.6,85.2,7,5.5,No,100.0
4.3,61.6,60.9,4,5.8,Yes,64.5
1.8,97.1,82.7,4,8.8,Yes,76.9
6.0,82.5,93.0,6,5.7,Yes,83.5
6.3,80.4,51.2,3,7.3,Yes,77.6
4.9,75.6,68.8,3,7.3,No,82.8
6.4,61.5,55.8,5,7.0,Yes,84.1
4.5,58.8,83.6,3,7.6,No,76.8
4.7,61.0,71.8,6,5.9,Yes,79.9
4.0,59.3,74.9,9,7.2,Yes,80.9
1.2,89.0,83.9,5,6.5,Yes,77.7
1.8,67.5,61.8,5,7.6,No,68.4
1.2,52.9,90.3,4,5.6,No,56.0
5.5,98.5,69.3,4,7.3,Yes,92.3
3.2,94.2,48.7,3,5.7,No,71.1
4.6,96.4,78.3,5,6.1,Yes,87.5
7.4,99.7,83.6,10,5.9,Yes,100.0
2.7,58.7,57.4,4,5.7,Yes,77.2
3.9,69.8,87.1,6,8.3,No,84.5
6.3,87.9,89.8,10,6.1,Yes,100.0
2.6,84.8,55.2,4,8.7,Yes,69.3
1.5,57.7,94.1,8,8.9,Yes,82.6
3.0,90.8,47.7,8,7.3,No,76.6
2.1,61.2,51.1,4,5.6,Yes,60.0
7.5,61.2,50.1,5,6.5,No,75.0
6.7,76.8,89.2,9,8.2,Yes,100.0
5.4,79.6,76.0,9,6.5,No,98.7
7.1,79.0,48.4,5,5.3,Yes,85.8
6.6,54.6,64.2,7,7.2,Yes,91.6
2.3,93.9,73.8,9,8.4,No,83.4
7.2,63.3,44.6,8,8.2,No,88.3
4.8,56.5,88.5,6,5.7,Yes,86.2
6.7,94.4,84.2,5,7.7,No,94.2
7.3,97.8,67.8,3,5.9,Yes,95.3
3.2,93.1,93.2,8,5.9,Yes,87.6
1.8,90.5,63.0,6,8.5,Yes,73.5
2.6,82.8,94.1,6,6.0,No,83.0
4.0,77.5,76.7,5,6.1,Yes,83.4
6.7,54.3,74.9,6,5.0,No,77.1
7.0,70.4,49.1,5,8.5,Yes,91.3
1.0,68.6,88.5,9,8.2,No,80.8
4.6,63.0,63.5,4,7.5,No,70.1
3.9,86.2,48.9,8,8.0,Yes,73.6
2.6,74.8,40.7,7,5.6,No,61.5
1.8,54.1,70.8,4,6.8,Yes,62.5
3.4,61.0,69.0,8,6.4,Yes,78.2
7.6,84.2,79.6,5,5.4,Yes,96.1
3.3,53.8,89.0,8,6.9,Yes,73.1
4.6,92.6,44.4,9,8.7,Yes,84.7
5.9,74.8,80.2,5,5.2,No,84.1
3.5,74.0,50.3,4,6.2,Yes,71.6
7.8,79.6,87.2,3,5.8,No,91.3
7.7,91.2,85.0,3,6.0,No,100.0
2.8,67.4,69.7,10,8.6,Yes,73.8
4.5,83.9,79.1,10,6.9,No,98.6
3.1,78.3,57.3,8,6.9,Yes,76.3
3.0,63.4,65.9,3,8.0,No,71.7
1.3,93.9,85.2,5,5.6,No,74.8
5.3,89.9,65.3,6,6.9,No,91.6
4.5,82.9,59.7,5,6.7,Yes,78.2
1.4,92.5,67.2,6,7.4,No,66.9
3.0,93.4,85.6,4,9.0,Yes,94.9
7.4,85.4,58.4,7,8.1,No,93.5
2.7,91.9,49.6,6,6.6,No,71.1
2.0,84.9,79.2,3,8.3,No,80.1
4.4,84.0,85.4,5,5.7,No,79.4
7.9,80.9,45.5,4,5.1,Yes,87.4
2.7,87.6,53.2,3,5.8,Yes,64.6
5.7,57.9,47.8,4,6.4,No,68.9
6.3,94.0,59.1,7,7.0,No,90.7
2.7,93.6,64.8,9,7.5,Yes,77.1
6.1,51.5,81.2,5,8.6,Yes,85.2
3.6,91.3,75.8,8,7.0,Yes,96.0
5.4,56.4,74.2,5,7.0,Yes,87.1
5.4,66.8,59.4,10,5.2,No,81.6
4.8,87.2,86.3,7,5.1,No,90.6
1.6,58.0,65.9,5,7.2,Yes,63.8
6.8,90.9,93.9,10,6.8,Yes,100.0
3.2,91.6,74.9,8,8.4,Yes,88.5
2.3,75.4,46.9,6,5.6,Yes,66.0
1.3,50.3,77.2,4,5.1,Yes,67.2
5.1,64.4,57.9,8,6.8,Yes,78.1
5.7,80.8,77.7,3,5.9,No,91.3
1.1,99.1,43.8,7,5.2,No,55.2
4.6,81.6,49.6,6,7.9,No,85.2
2.6,63.0,87.1,3,5.4,Yes,70.4
5.5,81.7,52.5,3,7.4,Yes,78.2
2.2,77.0,86.0,7,6.1,Yes,71.3
5.8,89.0,55.4,6,5.7,No,80.1
3.7,55.3,75.4,9,6.5,Yes,76.1
7.6,88.1,78.2,3,8.2,Yes,96.6
2.0,77.1,68.2,3,6.6,No,64.9
3.4,98.1,56.8,6,8.0,Yes,86.8
1.8,67.1,51.7,5,5.5,No,58.9
7.5,81.6,41.8,3,8.1,No,83.2
7.1,96.6,56.7,4,5.9,Yes,84.8
2.8,55.1,75.9,6,7.7,No,67.7
5.6,96.9,91.6,3,7.3,Yes,100.0
6.7,84.4,87.9,7,8.7,No,98.5
4.9,53.4,82.1,8,6.5,Yes,94.7
4.7,65.0,83.4,4,5.3,No,77.0
2.7,85.4,76.6,10,5.1,Yes,84.6
1.7,53.4,54.3,10,8.3,No,72.0
7.3,79.1,89.9,8,7.1,No,100.0
7.3,67.3,76.9,10,8.1,No,99.5
5.4,81.0,70.8,8,5.9,Yes,88.5
3.4,52.3,46.1,3,6.4,Yes,59.6
3.4,93.6,64.6,4,5.1,No,74.9
6.1,98.7,65.3,4,8.8,Yes,98.6
7.3,98.4,87.6,5,7.7,No,100.0
7.2,87.5,70.1,8,8.7,Yes,100.0
6.5,56.5,60.9,4,6.1,No,84.8
5.5,87.9,93.7,5,7.4,Yes,100.0
1.6,51.2,46.1,6,7.7,No,57.4
2.1,51.1,63.2,5,6.3,No,52.7
7.3,66.2,42.3,7,8.4,No,70.5
5.2,74.4,80.7,9,8.8,No,96.3
1.1,88.5,90.5,3,8.5,Yes,78.0
1.7,84.2,55.4,6,8.0,No,65.7
5.6,72.3,87.2,9,6.1,Yes,97.9
1.0,63.7,56.1,9,6.1,Yes,64.9
2.1,99.9,90.1,6,8.9,No,92.9
4.8,71.3,81.5,7,5.0,Yes,87.0
5.8,72.6,84.3,5,7.9,Yes,89.5
5.6,58.2,41.0,3,7.8,Yes,75.5
2.6,89.7,93.0,5,7.5,No,83.0
6.0,84.7,80.0,4,9.0,Yes,98.3
2.7,61.0,56.8,5,6.2,Yes,63.3
3.3,54.1,85.6,10,6.4,No,78.0
6.2,84.0,55.5,6,5.3,No,82.6
5.5,82.7,88.0,3,6.8,Yes,91.2
6.9,63.7,46.2,5,6.0,No,78.6
5.6,97.5,78.7,3,6.4,Yes,90.1
5.0,57.6,69.7,3,8.3,Yes,69.6
1.7,71.6,45.3,4,8.7,Yes,60.4
3.6,97.2,53.3,4,5.7,No,75.9
2.9,71.0,40.7,6,6.5,Yes,63.9
2.7,81.9,65.8,7,8.7,No,76.6
7.8,69.9,56.6,10,5.2,No,96.2
3.8,63.7,72.9,9,5.4,Yes,77.7
7.2,99.2,56.3,3,5.7,No,78.6
5.4,70.5,56.5,7,7.4,No,79.8
6.6,94.7,80.9,9,5.6,No,97.9
4.5,61.5,42.6,9,8.9,No,70.3
5.0,60.7,89.7,10,6.8,No,90.9
4.4,51.6,86.9,6,7.0,Yes,85.9
2.4,82.6,76.7,9,6.0,No,79.5
6.1,68.4,72.6,10,6.9,Yes,96.8
3.0,93.2,89.1,9,7.6,Yes,100.0
1.2,73.7,50.2,3,8.0,Yes,58.6
5.5,98.4,44.3,3,8.0,Yes,83.0
2.2,59.3,53.2,8,7.3,Yes,65.6
7.6,93.4,83.7,7,8.6,Yes,100.0
7.7,88.8,41.9,5,8.3,No,84.7
7.4,88.5,72.1,10,8.0,No,100.0
3.6,92.2,94.7,4,5.2,No,86.2
1.1,88.1,87.1,10,5.0,Yes,94.2
7.5,81.3,68.7,5,5.8,No,87.0
4.0,56.6,43.5,7,7.7,No,65.3
7.8,51.6,85.7,4,6.6,No,89.7
7.7,96.0,72.9,5,6.6,Yes,100.0
7.0,80.8,46.3,8,8.5,No,90.5
3.1,89.8,45.2,4,8.6,Yes,79.0
3.7,74.1,90.0,3,8.6,No,70.1
7.0,55.9,76.8,5,6.3,Yes,76.9
3.2,56.3,85.6,10,7.8,Yes,84.1
2.2,84.3,88.3,4,6.1,Yes,84.4
4.9,71.5,71.4,8,5.8,No,75.3
7.6,60.0,68.5,10,5.7,No,77.9
5.9,74.6,63.7,9,6.4,Yes,93.5
5.0,53.2,57.4,4,6.7,No,70.7
1.7,79.1,63.9,4,8.3,Yes,64.9
5.3,63.4,82.6,8,5.5,Yes,84.3
7.9,89.9,73.1,9,7.9,No,100.0
2.0,65.5,89.1,5,7.1,No,74.3
4.6,72.8,64.4,6,6.2,No,74.3
7.1,50.6,73.4,5,7.0,Yes,90.2
6.2,53.6,74.7,9,6.2,Yes,75.9
5.9,69.6,72.5,7,7.4,No,83.7
5.9,74.0,78.6,10,6.7,Yes,92.0
3.5,80.0,53.1,8,5.7,No,71.9
3.1,64.6,68.2,5,5.5,Yes,68.5
6.7,84.7,45.7,4,7.2,No,84.8
6.7,93.0,61.1,8,8.6,No,87.0
7.1,89.0,66.8,3,6.4,Yes,91.4
7.4,52.0,75.9,9,7.9,No,97.3
4.6,74.0,92.3,10,7.6,No,100.0
4.5,55.2,73.0,5,8.7,Yes,78.5
6.6,62.1,80.9,8,8.3,No,96.3
5.5,99.3,67.8,10,7.3,Yes,90.5
5.9,57.1,74.9,5,7.6,No,71.0
6.6,74.9,43.9,8,8.6,Yes,92.6
7.2,80.9,54.0,4,6.6,No,83.8
3.4,85.1,59.9,3,6.3,No,75.7
3.6,78.0,66.0,3,5.0,No,62.1
1.7,50.5,42.5,7,8.3,No,59.8
5.0,66.3,47.7,8,8.2,Yes,89.9
1.3,75.9,55.2,5,5.4,Yes,64.2
4.3,54.4,93.4,3,7.3,Yes,83.3
4.8,67.5,58.2,9,6.9,Yes,83.3
3.0,51.7,66.5,3,5.5,Yes,56.1
5.1,53.9,50.8,6,8.9,Yes,83.8
1.2,69.8,73.6,6,5.9,Yes,65.8
1.3,56.6,55.4,3,5.3,No,53.7
6.8,78.4,51.4,8,7.4,No,80.1
3.5,84.5,68.4,7,8.0,No,75.7
1.9,90.0,40.3,3,5.1,No,63.5
4.7,60.0,40.4,4,7.6,Yes,66.6
6.4,58.4,52.0,10,7.1,Yes,94.3
2.5,55.2,42.0,5,5.4,Yes,56.7
5.4,81.8,45.9,7,5.7,No,68.0
1.6,85.3,58.6,4,7.3,Yes,72.6
1.4,51.6,84.1,7,6.2,No,64.8
4.7,96.8,71.5,4,8.8,Yes,93.7
4.8,52.6,68.2,5,8.3,Yes,79.3
5.5,77.1,56.1,5,8.9,Yes,77.0
6.1,85.5,91.2,6,6.0,Yes,99.5
7.8,93.5,61.8,8,8.9,No,100.0
4.6,85.7,44.8,4,6.7,No,74.0
3.3,90.1,73.9,10,6.4,Yes,88.9
6.6,67.0,46.3,6,5.2,No,81.5
2.9,90.7,59.0,4,5.2,Yes,72.8
4.1,54.0,67.9,6,7.8,Yes,78.4
1.5,94.7,88.1,5,6.8,Yes,75.8
1.2,77.4,67.1,7,5.9,Yes,71.2
7.7,90.9,78.6,9,7.5,No,100.0
6.9,72.6,94.6,6,6.0,Yes,95.7
5.9,82.2,47.2,4,7.3,Yes,87.7
3.9,76.3,55.1,4,6.4,No,69.1
2.2,86.6,61.7,9,8.3,Yes,76.6
2.1,54.1,63.2,8,8.3,No,73.5
2.8,53.0,62.6,10,6.9,Yes,73.3
4.8,62.4,89.9,5,6.4,Yes,90.2
6.0,58.0,79.3,4,6.5,Yes,83.5
5.6,93.6,73.4,3,8.2,Yes,91.0
3.0,61.0,57.0,7,6.3,Yes,72.6
7.7,98.8,85.3,6,5.8,Yes,100.0
6.2,66.8,92.5,8,5.3,No,83.8
4.9,59.1,85.2,10,6.9,Yes,86.9
5.3,89.5,40.1,9,6.9,No,86.1
3.9,82.9,75.0,7,8.4,No,85.0
2.7,74.9,42.8,5,5.9,Yes,61.2
3.5,77.8,54.2,8,6.5,No,67.4
6.3,86.0,43.3,10,8.2,Yes,86.8
1.1,61.4,73.2,6,8.3,No,56.7
1.8,99.8,77.8,6,6.5,Yes,80.6
1.3,98.7,46.3,9,6.8,No,66.8
1.3,82.5,61.1,3,6.2,No,56.2
7.0,60.0,65.1,9,8.7,Yes,95.0
5.9,84.0,60.3,5,5.5,No,83.3
4.3,53.6,46.7,8,8.7,Yes,85.5
1.7,51.5,63.0,8,7.7,Yes,60.7
4.4,62.9,81.3,4,7.1,Yes,87.2
4.3,73.1,43.9,3,5.1,Yes,70.9
2.2,93.4,44.4,3,6.9,Yes,61.6
4.0,86.4,59.5,8,6.6,No,81.3
3.8,87.1,91.8,8,5.6,No,87.2
5.3,71.3,76.8,7,7.6,No,88.7
5.4,67.3,77.3,10,8.9,Yes,100.0
1.3,68.6,59.9,7,7.2,No,67.6
3.6,99.4,72.7,7,7.9,No,89.6
5.4,52.0,40.6,3,5.3,No,59.1
4.5,93.4,75.0,4,6.7,No,76.2
7.0,78.9,90.2,6,5.5,No,95.5
5.6,71.9,73.7,7,7.5,Yes,97.0
2.1,86.3,88.1,4,8.8,Yes,75.4
1.5,74.3,79.8,9,7.6,No,72.1
5.5,93.7,46.6,5,5.3,Yes,80.8
1.2,95.0,89.6,7,6.4,Yes,78.1
5.1,71.1,43.7,9,7.2,No,73.8
7.6,63.8,69.4,6,6.6,No,87.4
5.0,79.6,47.8,5,8.3,Yes,72.8
3.7,95.6,40.6,5,8.3,No,68.0
5.5,60.5,63.2,6,7.4,Yes,85.9
4.2,81.1,56.2,7,6.5,Yes,73.5
4.8,81.6,66.7,3,6.0,No,68.5
7.6,86.7,71.7,6,5.4,Yes,94.1
3.7,56.6,42.4,6,6.4,Yes,69.0
7.7,85.8,46.8,6,6.7,Yes,89.7
7.3,95.5,70.7,5,7.7,No,94.5
2.4,59.0,58.9,10,7.6,No,71.6
1.5,61.9,80.1,4,5.3,No,54.7
1.7,98.6,75.9,9,6.6,No,83.9
1.1,59.0,86.5,3,5.7,Yes,67.4
1.7,92.7,78.1,7,5.6,No,74.2
5.8,74.6,63.6,7,8.3,No,92.1
1.5,62.4,77.0,9,5.2,No,64.2
3.2,93.5,55.1,4,6.7,No,77.1
6.9,72.3,56.8,6,5.7,Yes,86.9
1.2,75.7,83.4,10,8.5,Yes,82.0
6.7,68.0,64.6,3,7.2,Yes,84.6
3.0,79.6,83.9,7,5.9,No,80.1
1.8,58.2,85.2,9,7.0,No,81.7
5.9,69.6,87.2,8,7.9,Yes,93.0
5.4,98.5,90.4,10,8.8,No,100.0
7.1,62.9,63.7,9,5.9,No,94.0
6.1,82.8,57.5,10,8.5,Yes,93.0
6.6,66.3,72.0,7,8.7,Yes,99.2
3.0,88.7,60.4,6,8.7,No,85.9
2.2,56.5,73.1,8,7.5,No,69.8
6.3,98.5,78.8,4,7.5,No,98.1
6.6,72.7,77.9,3,6.6,Yes,83.5
7.9,61.8,60.6,4,8.0,Yes,93.0
3.9,53.7,49.2,4,7.1,Yes,66.9
3.6,58.5,63.7,9,7.7,Yes,81.7
6.4,76.0,47.8,10,6.7,No,83.2
3.4,66.9,89.0,3,7.9,Yes,72.5
7.5,91.4,59.0,3,8.3,Yes,96.0
7.0,71.5,48.5,7,5.6,No,71.4
4.0,62.4,41.4,7,8.3,No,67.5
6.3,80.9,75.5,3,7.2,No,91.9
6.3,85.3,75.0,8,8.4,Yes,100.0
1.7,58.4,58.7,5,6.7,No,69.2
7.3,58.4,43.9,7,6.5,No,84.5
4.5,51.8,62.5,5,8.7,Yes,73.1
6.8,86.8,57.1,9,6.0,Yes,94.5
3.2,83.2,77.2,8,8.4,No,85.0
7.3,73.7,73.3,3,6.9,Yes,83.2
3.7,92.2,60.1,8,7.1,No,76.8
1.1,90.3,52.0,7,6.2,No,62.2
7.3,79.3,94.3,4,7.3,Yes,91.8
1.6,93.4,65.0,9,6.3,No,75.7
3.2,60.3,77.9,3,5.2,Yes,69.2
7.7,55.6,47.7,6,6.1,Yes,74.2
7.7,63.5,66.7,9,5.0,Yes,96.0
5.0,52.9,41.5,10,8.9,No,79.7
5.4,76.6,67.8,5,8.9,Yes,89.5
4.1,96.8,93.0,8,6.6,Yes,96.4
3.1,52.0,61.1,3,7.9,No,66.1
3.3,56.1,42.1,9,6.4,No,68.5
5.7,72.6,41.7,8,7.7,No,80.6
6.3,96.7,61.3,3,8.2,No,83.5
6.5,65.8,48.8,7,8.8,Yes,87.6
6.5,75.4,41.3,9,6.6,Yes,91.7
1.6,52.1,81.6,7,8.1,Yes,70.7
4.5,57.4,65.2,9,6.1,No,88.3
1.4,99.3,55.9,7,9.0,No,71.4
4.8,98.3,89.5,10,5.1,Yes,100.0
4.1,50.2,46.4,8,7.4,No,64.9
7.2,97.6,92.6,6,7.6,No,100.0
3.5,82.0,57.3,9,7.8,Yes,74.0
1.8,93.4,88.9,10,5.5,Yes,85.2
2.0,72.7,73.2,9,8.8,No,73.0
6.3,75.8,85.5,7,5.7,No,93.8
5.3,74.4,94.1,3,7.5,No,93.5
1.7,83.3,55.9,9,5.9,Yes,75.8
1.6,57.0,92.9,10,6.2,Yes,68.6
5.9,51.5,61.4,7,7.2,Yes,92.5
1.5,65.4,61.2,4,6.7,Yes,64.3
6.8,85.2,58.7,7,5.6,Yes,87.1
5.9,60.1,69.8,8,5.7,No,84.4
1.6,83.7,48.5,6,6.7,No,64.2
1.6,98.5,70.5,4,8.0,No,70.4
7.9,54.7,69.8,8,8.6,Yes,98.6
3.6,83.6,81.9,8,5.3,Yes,83.9
3.6,72.2,85.9,8,6.6,Yes,85.4
6.7,93.4,64.2,3,5.4,No,81.8
7.6,58.9,56.6,8,5.1,Yes,80.4
7.9,84.6,54.3,3,7.6,Yes,91.4
6.3,91.9,50.7,8,7.4,No,91.9
3.6,97.2,43.2,5,5.7,Yes,75.4
1.6,84.2,58.8,10,5.9,No,76.0
6.4,74.9,54.9,4,5.1,Yes,81.8
4.9,80.9,93.2,5,8.3,Yes,92.7
4.0,93.4,70.7,8,8.9,No,93.6
7.3,78.5,59.1,4,5.5,No,77.0
1.8,51.5,71.9,4,5.9,No,55.6
4.4,96.5,47.7,9,8.5,No,79.8
1.1,84.5,64.4,6,8.7,No,75.5
4.3,83.8,74.4,5,6.7,No,86.5
1.4,60.8,66.9,6,5.2,Yes,66.5
1.8,82.9,62.1,4,5.2,Yes,71.8
1.8,69.7,94.7,3,7.3,No,68.8
5.5,82.6,88.4,4,6.6,Yes,94.2
6.2,55.3,74.3,6,5.1,No,80.7
5.1,82.9,71.3,5,7.3,Yes,91.8
7.7,100.0,74.1,8,5.0,No,100.0
3.6,52.4,51.1,9,8.1,Yes,72.1
3.0,98.9,61.7,9,6.2,Yes,86.8
7.1,70.3,42.2,9,5.2,Yes,89.4
2.6,93.5,66.2,8,7.4,Yes,79.7
7.7,89.1,69.9,9,6.6,Yes,100.0
1.1,78.4,52.5,5,8.9,No,57.9
7.8,86.9,93.0,8,7.2,No,95.8
1.3,93.9,90.0,9,6.1,No,83.8
7.2,70.2,79.7,8,7.8,Yes,100.0
4.7,66.4,69.3,6,6.1,No,79.1
8.0,83.4,87.8,10,8.6,Yes,100.0
1.5,90.4,47.2,10,6.5,Yes,71.1
4.9,88.1,83.5,5,7.2,Yes,81.1
7.8,89.9,46.9,7,5.2,No,95.2
4.7,71.8,83.7,3,6.7,Yes,78.2
5.4,90.9,55.2,9,8.3,No,95.9
5.9,56.0,88.2,3,8.2,No,90.0
4.2,77.2,91.9,8,5.9,Yes,87.6
5.4,50.3,48.2,3,5.9,Yes,61.7
5.1,66.2,65.4,5,8.3,No,81.5
7.3,68.3,94.0,5,8.7,No,95.5
1.3,69.8,66.6,4,5.4,No,60.6
3.0,84.8,87.5,10,6.8,No,86.6
7.7,69.4,72.4,9,6.3,No,87.5
7.2,72.4,60.6,4,8.5,No,75.7
4.2,61.9,55.7,3,5.3,Yes,68.4
5.3,68.7,51.2,7,5.8,No,72.7
2.9,61.4,81.9,4,8.0,No,70.8
2.3,53.7,61.3,4,5.2,No,61.4
4.2,80.2,68.1,5,7.0,No,84.6
3.5,83.4,67.1,7,6.8,Yes,80.7
5.1,81.0,71.8,8,6.3,Yes,88.5
1.5,73.2,87.6,3,6.6,No,71.9
7.8,69.0,93.9,4,7.1,No,91.2
7.9,93.2,62.4,7,5.6,No,96.8
5.9,76.0,85.5,10,7.3,Yes,100.0
4.8,74.0,82.0,9,8.2,Yes,98.6
3.2,51.3,71.5,7,8.0,Yes,66.5
6.7,67.1,92.6,10,5.6,Yes,98.6
5.8,69.0,51.0,3,5.6,Yes,69.8
2.1,69.9,46.0,7,6.1,Yes,65.1
7.4,79.0,87.0,10,6.4,No,100.0
6.8,76.7,64.2,7,6.6,Yes,99.7
7.6,80.4,86.6,7,7.7,Yes,100.0
6.1,88.2,89.1,9,5.2,No,96.4
5.3,90.6,43.4,10,5.1,Yes,90.4
3.9,85.9,88.6,10,6.6,No,94.5
7.5,97.8,64.7,4,7.8,Yes,100.0
7.1,50.9,68.1,3,5.8,No,79.6
1.3,59.8,74.5,9,7.6,No,65.3
1.2,50.4,91.0,7,6.0,No,62.1
3.6,82.4,41.1,7,8.5,No,64.9
6.7,94.9,66.2,4,8.6,No,95.9
7.9,62.2,77.8,3,6.2,Yes,97.1
2.1,96.4,79.7,5,5.9,Yes,89.0
5.2,53.0,78.1,9,6.6,No,89.0
3.7,96.7,47.4,4,6.0,No,76.4
7.8,67.6,56.5,3,7.7,No,81.0
6.9,55.1,59.7,9,8.3,Yes,85.4
6.9,74.3,84.2,7,7.7,No,100.0
4.3,62.8,55.3,3,8.3,No,71.3
3.9,64.2,51.6,3,6.6,No,64.6
2.9,65.4,92.7,8,5.6,No,82.7
1.4,90.2,40.5,3,8.0,Yes,63.4
7.1,77.0,94.9,5,6.4,No,100.0
6.7,65.6,77.2,3,7.7,No,92.7
8.0,80.5,85.6,5,6.1,Yes,100.0
8.0,85.8,56.2,7,5.3,No,95.8
4.9,63.6,40.8,5,9.0,No,73.4
6.4,70.7,80.6,9,5.6,Yes,94.1
7.6,56.1,85.9,7,9.0,Yes,100.0
6.9,59.1,80.7,7,8.9,Yes,90.5
2.7,84.1,47.9,5,8.2,No,73.7
4.2,59.1,81.4,10,7.6,No,80.5
1.9,76.3,82.3,4,7.3,Yes,76.9
7.7,85.5,76.2,6,8.5,Yes,99.4
5.2,55.3,82.1,10,6.2,Yes,93.4
2.6,78.4,86.5,3,6.9,No,75.0
5.7,62.8,73.7,8,7.5,No,79.6
5.3,98.1,44.9,6,6.6,Yes,85.4
3.5,74.2,66.8,3,6.7,No,67.6
1.8,90.3,44.3,10,6.3,Yes,77.1
5.7,77.5,62.4,10,7.3,No,90.0
4.6,52.2,62.4,3,8.4,No,72.4
6.4,81.7,43.6,7,5.8,No,75.7
4.6,97.6,59.2,3,8.7,No,78.1
7.0,80.1,46.1,8,7.8,Yes,88.6
4.9,91.0,84.5,10,8.3,No,100.0
4.9,94.2,92.1,3,7.2,No,99.1
7.1,61.4,44.0,5,8.1,Yes,77.8
3.8,60.6,92.5,6,5.1,No,84.8
1.9,80.5,68.7,5,8.3,Yes,63.9
1.2,70.6,56.5,8,5.2,Yes,59.1
6.3,92.0,44.2,3,8.6,No,76.3
5.3,95.0,67.5,9,9.0,No,88.8
5.9,67.7,83.7,8,6.2,Yes,86.2
2.5,61.8,78.9,7,5.8,Yes,77.3
2.0,89.0,42.8,5,8.1,Yes,66.8
1.1,63.7,44.0,5,6.0,No,54.1
3.5,91.1,62.2,4,8.5,Yes,83.7
5.1,71.2,56.2,3,5.4,Yes,74.8
3.7,83.4,52.8,7,5.5,Yes,79.2
4.1,54.8,55.5,9,8.9,No,76.0
7.3,81.2,84.2,5,7.7,Yes,95.1
3.4,72.6,91.1,5,8.4,No,89.0
4.6,79.3,62.3,7,6.3,No,77.0
6.5,58.4,89.8,8,7.7,Yes,93.9
3.8,86.8,57.7,8,7.4,No,79.3
5.4,93.1,66.2,3,7.4,Yes,82.1
7.0,60.8,52.4,10,7.7,No,86.0
7.6,54.8,75.2,4,7.3,No,89.1
2.0,51.2,93.8,5,6.7,Yes,75.9
7.5,82.1,73.2,10,6.1,Yes,98.8
4.4,80.4,59.7,10,8.1,Yes,86.3
2.8,77.3,75.6,4,5.9,No,77.2
4.2,61.6,46.8,10,7.8,No,77.8
7.9,69.5,88.9,10,5.9,Yes,100.0
4.4,79.7,67.7,8,7.5,Yes,93.4
3.3,74.8,64.7,8,8.0,No,84.3
5.4,99.4,72.2,6,5.9,No,82.6
2.7,56.8,74.4,9,5.2,No,76.2
1.5,84.8,43.9,3,5.5,Yes,58.0
1.9,70.2,77.5,10,7.4,No,75.6
1.9,71.4,53.3,6,8.4,Yes,69.5
2.1,85.9,79.3,9,5.2,No,83.7
2.0,84.6,85.2,6,7.9,No,82.3
5.5,99.6,84.2,6,6.4,Yes,93.6
2.3,56.4,70.4,3,6.9,Yes,69.5
3.4,55.2,68.6,3,8.7,Yes,68.8
7.3,86.2,47.9,7,6.3,No,88.5
4.3,78.9,82.6,4,6.9,No,80.7
5.7,63.7,54.9,4,5.1,No,70.5
2.2,54.0,67.3,7,5.3,Yes,71.1
2.3,54.3,55.6,7,6.0,No,56.5
1.3,94.7,47.4,8,5.1,Yes,77.8
2.2,59.6,74.6,9,7.5,Yes,68.5
3.0,66.2,43.0,6,6.7,Yes,62.7
2.2,61.3,81.2,10,7.2,No,80.2
1.6,67.7,57.5,7,5.7,No,65.4
1.8,53.5,40.0,5,6.2,Yes,53.9
4.2,76.0,68.1,4,7.7,No,76.9
2.4,53.4,42.6,7,8.9,Yes,66.8
3.5,90.0,55.2,5,5.2,Yes,73.0
4.5,61.7,78.9,5,8.6,No,88.4
5.8,77.0,43.4,5,7.3,Yes,83.3
1.3,94.0,86.2,8,7.3,Yes,89.2
6.6,82.5,40.2,8,7.0,No,78.8
5.4,76.6,53.6,10,5.3,Yes,85.1
1.6,66.2,80.7,10,5.4,Yes,75.8
7.1,66.7,57.4,5,7.4,Yes,81.7
7.4,83.5,45.6,9,6.4,Yes,94.3
1.4,99.7,59.8,8,8.7,Yes,76.8
2.9,83.1,54.9,6,6.6,Yes,76.8
6.6,77.9,86.3,5,5.6,Yes,89.6
6.2,86.5,57.2,6,7.9,No,95.9
2.3,73.3,83.4,6,6.2,No,70.5
2.5,53.0,89.1,5,7.1,Yes,76.7
3.6,78.1,63.9,4,7.8,Yes,80.9
4.4,97.9,90.0,9,8.6,No,97.1
5.3,58.8,60.8,5,8.2,No,81.2
3.6,84.5,93.0,10,7.7,No,88.5
4.2,60.0,44.9,5,7.7,No,73.8
6.2,76.8,77.8,8,8.8,No,96.5
1.3,54.8,67.2,5,6.2,Yes,59.2
2.8,72.5,61.3,4,5.0,No,62.8
6.0,87.8,74.8,8,6.1,No,97.3
7.3,67.4,78.7,10,5.9,No,94.5
4.6,83.2,40.2,3,7.6,Yes,68.4
4.7,89.8,49.2,3,7.5,Yes,76.1
1.8,96.4,79.2,6,7.4,Yes,76.2
4.1,61.7,76.7,9,5.1,Yes,91.9
4.7,70.0,93.1,6,7.9,Yes,89.9
2.7,57.6,81.9,4,6.3,Yes,76.5
2.9,99.6,92.3,7,7.7,No,91.9
3.6,96.4,78.6,10,7.2,Yes,89.9
1.1,77.0,56.4,9,6.4,Yes,69.5
3.3,92.1,45.8,10,5.5,No,79.4
2.5,76.0,83.0,3,5.4,Yes,72.7
3.3,81.2,75.4,6,8.3,No,87.3
1.8,54.5,42.7,10,8.7,No,68.9
7.2,87.8,59.8,3,7.6,Yes,95.2
5.2,56.4,92.6,4,5.4,No,79.1
5.8,91.3,67.5,4,6.6,No,80.2
6.5,89.1,63.8,7,7.9,No,89.9
4.5,85.4,65.2,10,8.1,No,90.3
1.6,51.8,51.5,7,5.5,Yes,61.9
4.8,65.2,60.3,8,5.0,No,65.2
5.1,63.2,60.3,9,7.8,Yes,85.5
6.2,68.0,42.9,10,6.4,No,82.2
4.0,54.4,82.2,4,6.0,No,72.0
1.9,96.8,62.9,6,5.1,No,76.9
3.0,77.7,85.2,3,7.2,Yes,81.7
3.5,65.3,86.8,5,8.4,Yes,90.4
5.5,69.8,51.7,7,8.8,Yes,83.2
5.0,72.4,76.2,5,7.3,No,87.9
3.5,80.0,66.0,10,7.1,No,90.9
7.9,75.8,88.4,6,5.3,No,100.0
5.2,96.0,51.9,7,7.2,No,78.8
2.7,74.8,77.3,5,6.5,Yes,75.5
1.7,99.6,73.4,9,7.4,No,80.3
2.1,92.6,56.2,6,6.6,Yes,75.6
2.7,60.4,47.5,3,6.0,No,59.5
2.1,96.5,75.8,9,5.4,Yes,79.5
2.3,55.8,80.6,6,6.3,Yes,73.1
3.0,90.9,57.4,8,5.4,No,64.8
2.2,69.0,75.5,7,5.7,No,78.7
7.3,93.9,61.7,4,8.9,Yes,94.1
1.6,93.4,79.2,3,6.8,No,72.4
4.7,90.3,51.0,10,7.1,No,83.3
3.9,89.5,89.0,9,8.5,Yes,100.0
7.9,65.2,55.8,9,9.0,Yes,83.2
1.8,54.0,60.2,5,7.3,Yes,63.1
3.8,70.1,43.2,7,8.2,Yes,73.1
7.8,58.7,46.1,10,6.3,No,84.2
7.1,84.7,68.4,4,6.2,Yes,100.0
6.7,67.3,54.7,6,6.6,Yes,80.2
2.8,98.8,86.0,4,7.7,Yes,90.4
2.2,82.0,40.8,7,7.7,No,67.4
5.7,91.1,60.9,7,6.3,Yes,96.1
7.5,56.6,58.6,8,5.5,No,81.6
4.9,93.1,41.1,8,7.5,Yes,79.8
5.0,96.1,46.8,4,5.5,Yes,83.1
3.0,74.4,62.8,6,7.3,No,74.7
6.4,80.3,67.1,4,7.8,Yes,82.1
2.3,88.2,62.2,7,7.8,Yes,75.5
3.3,58.7,69.2,7,8.0,No,76.5
4.0,75.1,72.7,5,8.5,Yes,87.7
4.6,69.9,40.5,8,7.0,Yes,72.2
2.7,57.3,65.5,10,7.9,Yes,63.3
1.8,68.4,93.0,10,7.5,Yes,88.7
5.3,53.4,68.5,10,5.7,No,76.0
3.0,51.3,77.3,5,5.1,Yes,59.9
5.1,56.8,57.2,3,6.1,No,54.1
2.1,98.2,82.6,10,6.8,Yes,94.1
4.4,77.5,82.5,7,7.5,No,88.2
4.7,98.3,68.7,5,8.4,Yes,89.4
1.4,71.6,93.7,4,5.8,No,77.9
3.4,65.6,46.9,8,5.5,Yes,72.9
1.9,75.3,40.9,8,8.9,No,74.2
1.4,72.0,82.4,6,5.4,No,62.6
7.9,55.3,84.4,4,6.9,Yes,94.1
3.3,82.0,46.6,6,7.3,No,61.9
6.7,60.8,54.6,5,7.2,Yes,81.3
2.8,81.0,41.0,9,5.3,Yes,69.0
5.8,82.5,56.1,10,5.2,Yes,92.4
6.3,57.6,82.5,3,5.4,Yes,84.3
5.2,53.1,68.5,4,7.3,Yes,81.1
4.3,89.0,59.1,4,7.2,No,80.5
3.9,73.0,60.4,4,5.9,Yes,83.6
3.4,52.9,40.1,6,7.6,Yes,62.7
7.5,99.7,56.5,5,8.3,Yes,92.9
6.8,52.9,75.6,4,5.2,Yes,84.9
7.8,84.8,93.6,9,7.0,Yes,100.0
1.9,99.2,86.6,4,7.8,Yes,90.8
6.1,62.0,41.3,8,6.0,No,73.9
7.6,57.1,89.4,10,6.2,No,97.4
2.3,56.1,83.1,3,7.5,Yes,68.7
1.5,65.2,82.9,10,8.6,No,82.8
6.2,55.1,65.2,8,8.2,Yes,87.9
5.0,84.6,61.9,8,7.3,Yes,85.6
6.9,53.1,56.7,3,7.9,Yes,88.4
2.0,75.5,43.6,9,6.5,Yes,64.1
6.6,99.8,52.6,5,7.6,Yes,91.8
2.4,90.7,53.6,8,6.9,No,76.6
2.1,80.8,66.6,5,5.8,No,60.0
2.1,65.3,81.1,8,7.8,No,79.2
6.7,81.2,66.1,7,7.2,No,86.3
5.7,76.4,43.2,3,6.4,Yes,78.2
4.7,71.3,92.7,8,8.6,No,89.2
3.5,56.5,91.8,7,5.1,Yes,84.9
7.1,94.3,83.2,10,6.3,No,100.0
3.7,72.5,94.5,6,5.2,No,87.1
6.7,59.7,69.9,7,8.1,No,90.1
4.1,68.4,93.0,4,7.8,No,82.6
3.6,70.7,44.2,8,6.3,Yes,69.1
4.2,91.4,60.1,7,7.7,No,90.1
3.1,86.7,52.4,5,6.6,No,66.3
6.2,88.5,50.8,6,8.0,Yes,83.5
4.5,50.6,47.7,9,6.8,Yes,77.4
2.6,70.8,74.2,8,6.6,No,72.0
7.3,74.1,83.0,4,8.7,Yes,94.1
3.7,51.0,71.8,9,6.0,Yes,71.0
4.8,63.0,48.1,7,5.5,Yes,71.1
7.3,88.0,84.6,9,7.3,No,100.0
5.4,56.9,75.0,9,8.9,Yes,93.1
1.8,76.8,61.3,6,6.5,No,71.4
7.6,60.8,77.1,10,5.2,No,98.0
5.4,50.6,54.3,9,6.4,No,75.4
3.3,62.1,59.0,9,7.0,No,72.4
2.0,98.8,90.5,8,5.6,Yes,90.3
6.6,90.1,56.0,10,7.6,No,100.0
5.3,98.0,65.8,6,9.0,Yes,94.9
4.7,74.4,89.0,4,6.8,No,82.4
7.3,55.5,78.9,7,6.4,Yes,88.8
6.5,77.4,43.4,6,6.6,No,72.2
2.1,72.7,48.1,6,5.5,Yes,67.0
3.2,92.2,40.4,3,8.5,No,70.1
2.7,54.9,74.7,6,6.7,No,72.6
6.2,74.4,64.6,10,6.5,Yes,93.1
1.2,57.5,47.4,3,7.6,No,58.7
5.0,66.2,92.7,7,6.8,No,87.3
6.3,86.9,69.1,9,7.6,No,100.0
7.1,73.8,53.3,8,5.2,Yes,88.1
3.4,68.8,67.5,8,8.3,No,75.8
6.7,69.7,77.4,7,8.8,No,98.0
1.8,73.0,44.2,7,7.6,Yes,67.9
6.9,89.3,55.1,10,8.8,Yes,100.0
1.9,94.6,84.4,5,5.6,Yes,80.1
3.8,97.8,65.3,9,6.9,Yes,89.2
6.6,89.3,70.1,7,7.4,Yes,100.0
2.0,65.8,63.8,6,7.3,No,72.7
2.6,84.4,42.4,10,6.6,No,74.9
6.1,71.9,49.1,8,6.4,No,81.7
6.0,62.7,64.5,4,5.5,Yes,84.5
5.5,92.0,51.5,10,6.6,No,90.5
5.9,51.9,42.7,8,5.7,Yes,75.2
4.8,95.1,86.4,3,7.9,Yes,91.0
2.8,73.1,94.0,10,5.8,No,85.7
3.4,81.9,83.6,8,5.2,Yes,70.3
2.3,83.0,87.0,5,7.2,Yes,82.8
7.4,94.8,53.3,10,7.4,No,95.6
5.1,81.8,92.8,10,8.5,Yes,100.0
3.8,80.7,50.8,9,7.3,Yes,80.7
4.2,53.3,92.3,7,6.4,No,76.6
7.6,75.9,94.7,9,8.2,Yes,100.0
2.1,57.5,79.1,10,7.2,Yes,74.0
5.1,86.9,94.0,7,5.3,No,95.8
4.5,75.6,71.3,8,7.3,No,86.3
5.3,84.0,54.3,4,8.6,No,84.9
1.1,52.1,64.0,4,6.6,No,51.8
7.1,54.2,72.6,10,6.2,Yes,94.8
7.5,85.8,44.0,5,5.6,Yes,78.9
5.0,53.6,74.2,3,5.6,No,75.8
5.9,53.6,94.0,8,6.7,Yes,97.5
7.5,50.6,50.5,7,7.4,Yes,87.4
6.0,97.8,83.6,10,5.3,No,100.0
2.1,86.9,89.9,8,8.8,No,88.9
5.0,67.7,91.9,10,8.0,Yes,100.0
5.2,64.8,92.8,5,7.3,No,86.5
4.0,67.5,68.7,6,8.3,No,79.1
6.2,88.7,93.8,6,5.3,No,91.3
7.5,83.1,81.7,5,6.9,Yes,95.9
7.5,59.3,48.9,7,7.5,No,84.2
4.2,58.7,66.2,9,8.3,Yes,89.1
1.8,54.9,79.5,5,8.1,Yes,70.1
7.9,83.0,53.6,10,6.1,Yes,97.1
6.9,88.2,75.2,7,8.8,No,97.6
1.9,63.3,76.7,4,5.5,No,61.8
7.4,51.0,48.9,5,8.5,No,81.2
7.1,54.1,71.1,7,8.9,No,83.2
4.6,98.4,82.4,5,5.7,No,94.3
5.1,64.8,67.4,5,7.9,Yes,79.2
3.8,88.5,40.7,9,5.2,Yes,79.5
1.4,81.2,40.5,9,6.6,Yes,60.1
3.3,69.1,59.6,10,7.1,No,80.3
6.6,60.3,90.9,7,7.3,Yes,100.0
1.0,56.1,52.6,7,8.7,Yes,64.9
3.3,80.8,74.9,3,7.7,No,70.7
3.8,88.7,52.2,5,6.9,No,74.7
4.8,82.2,57.7,6,8.2,Yes,78.3
7.4,76.5,86.6,5,8.8,Yes,100.0
3.4,52.1,80.1,5,5.1,No,75.0
3.4,98.4,45.2,7,8.9,No,81.9
6.2,89.9,63.6,5,5.3,No,85.1
4.2,64.6,41.6,8,8.3,No,67.1
2.6,99.0,66.4,5,6.1,Yes,81.3
4.2,80.1,76.4,8,5.5,Yes,86.9
2.0,79.1,46.5,9,6.8,No,56.1
2.2,87.4,55.9,6,7.6,Yes,77.5
4.5,90.6,61.9,10,6.5,Yes,89.9
3.9,82.8,90.6,7,5.2,No,92.3
7.4,56.4,94.6,5,7.4,Yes,92.9
3.5,66.9,42.5,8,8.6,Yes,57.6
5.1,96.4,81.9,8,6.5,Yes,99.3
5.4,61.2,60.4,9,5.9,No,81.8
1.1,68.6,61.6,8,6.8,No,56.9
5.6,71.6,81.5,10,5.2,Yes,89.7
2.2,72.0,90.5,4,8.3,No,90.7
7.7,80.6,92.3,3,8.3,No,98.7
2.0,97.2,71.7,10,7.4,No,87.1
3.9,62.0,59.6,6,6.4,Yes,70.3
1.6,56.1,83.3,10,8.2,Yes,69.4
8.0,59.9,53.8,9,7.2,No,89.3
4.5,94.3,71.0,9,8.3,Yes,94.0
5.2,82.3,59.7,10,7.5,Yes,89.5
1.5,64.3,76.1,5,8.1,Yes,70.8
6.2,90.8,53.2,4,7.4,Yes,87.5
2.5,93.1,50.5,5,6.7,Yes,70.7
7.3,92.3,90.5,5,8.8,No,98.3
2.4,95.9,45.6,10,7.2,Yes,80.8
2.3,62.6,67.8,7,7.4,Yes,63.4
1.3,87.8,52.1,7,5.9,Yes,57.5
4.3,73.0,42.1,7,7.5,No,75.6
5.0,92.1,42.0,4,7.3,No,77.2
1.5,86.4,49.6,5,5.7,No,60.7
6.4,88.8,87.7,3,5.2,Yes,86.8
4.2,82.8,55.5,6,7.4,No,73.5
4.7,58.9,92.3,7,8.1,No,87.2
4.1,77.3,72.0,7,7.1,No,74.1
3.8,99.2,64.0,9,5.9,No,81.1
4.9,96.9,71.9,5,7.7,Yes,94.3
2.1,52.2,68.4,5,5.3,No,68.0
2.3,58.2,81.7,4,6.8,No,66.4
7.0,56.6,55.5,4,5.7,Yes,82.9
7.6,86.3,59.4,7,5.7,Yes,85.2
3.6,90.9,89.2,5,5.8,No,87.8
2.9,60.7,92.1,3,6.5,Yes,72.2
5.5,75.3,89.1,6,5.2,No,90.3
3.9,92.0,63.1,10,6.6,Yes,87.3
1.2,86.6,82.9,5,7.0,Yes,83.1
2.1,77.1,66.2,9,6.9,No,70.3
6.0,79.5,67.4,10,6.5,Yes,98.4
5.6,75.4,51.3,5,8.4,No,77.9
1.2,64.9,72.5,8,5.6,Yes,69.0
2.6,78.3,50.2,4,7.0,No,63.1
2.6,84.4,58.2,9,5.2,Yes,71.9
5.7,93.7,87.0,6,5.3,Yes,96.6
1.1,81.8,51.4,7,7.3,Yes,67.0
1.7,88.1,43.9,9,7.3,Yes,72.8
6.6,58.0,43.8,5,8.5,Yes,79.9
2.2,73.1,91.7,7,7.2,No,84.5
5.6,50.5,67.9,5,8.8,Yes,87.1
2.7,62.3,62.5,7,5.2,No,61.3
1.7,86.3,84.6,6,5.4,No,79.4
2.7,99.6,86.0,4,5.2,No,73.7
6.1,55.0,58.3,6,5.7,Yes,82.0
7.0,70.1,78.1,8,7.2,No,98.8
6.8,90.0,82.4,3,7.6,Yes,87.9
3.8,60.2,76.0,4,5.2,No,71.1
5.7,77.8,48.3,6,8.8,No,79.0
2.4,86.7,88.2,8,8.4,No,83.0
3.1,80.8,69.7,3,6.2,No,77.5
7.3,59.4,55.5,8,5.3,No,80.2
1.1,67.8,63.4,5,5.7,Yes,58.6
1.6,89.2,42.1,10,5.5,No,67.1
2.5,77.7,47.0,5,5.5,No,65.1
1.2,50.3,82.1,7,7.1,Yes,69.6
2.3,88.0,40.0,4,6.0,Yes,69.0
5.1,51.8,62.9,5,6.4,Yes,78.1
3.9,87.3,68.7,9,9.0,No,77.6
7.2,60.1,43.0,8,7.7,No,79.8
6.7,97.9,93.5,4,8.8,No,100.0
3.4,68.4,52.4,10,5.6,No,74.8
2.8,66.3,56.7,9,6.5,No,57.7
3.7,57.4,56.7,5,7.2,No,80.0
5.1,65.3,52.7,7,5.3,Yes,79.3
2.9,93.8,40.1,6,5.0,Yes,69.3
5.4,99.8,80.1,7,7.7,No,100.0
3.9,68.4,93.2,9,7.6,No,100.0
4.9,72.4,52.3,3,6.6,No,74.8
4.1,86.1,76.5,5,7.0,No,87.4
3.1,94.3,80.8,9,6.7,No,88.5
7.6,79.7,86.7,3,5.1,Yes,95.1
6.3,69.6,63.2,3,6.3,Yes,79.3
2.0,70.6,56.7,8,5.7,No,61.9
7.1,84.8,57.9,4,5.4,Yes,83.5
4.4,50.2,79.2,8,8.8,No,76.3
7.3,81.0,84.9,5,7.4,No,97.4
6.6,67.8,50.0,3,7.9,No,68.8
4.0,89.7,60.4,10,6.3,Yes,88.0
1.2,54.6,89.6,9,6.6,Yes,76.0
2.9,79.4,84.4,6,5.9,No,79.6
4.8,74.0,94.2,3,5.4,Yes,83.7
5.4,82.1,81.5,9,5.7,Yes,100.0
2.8,53.2,61.6,10,8.2,No,80.2
2.0,79.0,72.5,6,7.7,Yes,70.5
6.8,78.1,76.4,8,7.2,Yes,100.0
7.9,78.0,44.3,8,6.9,No,85.9
4.7,80.2,69.9,4,8.7,No,77.3
2.2,83.8,79.0,9,5.3,Yes,75.1
2.9,90.2,49.2,3,6.1,No,67.2
1.1,63.5,82.9,7,6.4,Yes,69.0
7.4,91.3,72.1,8,8.1,No,100.0
1.8,74.9,92.4,8,9.0,No,88.7
5.0,53.9,42.3,4,6.0,No,70.1
2.9,52.9,54.6,6,8.5,No,61.4
4.9,66.7,73.1,4,8.3,Yes,85.7
5.6,89.2,56.3,10,5.9,No,91.4
6.8,85.4,79.3,3,6.6,No,88.3
2.4,89.4,81.7,9,6.6,No,80.1
1.1,75.9,45.6,5,8.9,Yes,71.2
2.0,72.0,68.3,5,5.7,Yes,70.1
7.3,57.4,68.0,9,8.2,No,96.3
7.1,66.4,60.3,6,6.3,No,80.4
5.2,71.7,91.3,10,7.9,No,91.4
5.2,54.4,85.5,8,6.7,No,83.5
5.7,61.0,78.3,6,7.3,No,84.8
2.2,79.9,79.3,8,8.3,No,75.7
7.4,86.8,65.4,8,8.2,Yes,100.0
3.9,99.9,90.7,5,8.5,No,84.1
3.7,96.7,78.2,6,5.2,No,77.5
4.6,82.1,80.1,10,7.8,No,97.0
1.3,71.1,87.4,4,5.6,No,71.0
2.2,81.8,55.1,8,6.7,No,68.6
6.2,89.3,84.4,7,7.2,No,92.9
1.6,55.9,50.7,7,6.6,Yes,56.4
5.2,70.5,59.0,4,7.1,Yes,76.9
2.7,92.0,58.5,7,9.0,Yes,84.5
3.7,69.2,93.8,3,5.5,Yes,85.3
3.0,78.6,87.1,8,7.7,Yes,86.2
3.5,79.4,78.6,4,6.6,Yes,74.5
6.0,59.2,80.0,6,5.5,No,85.4
3.1,68.1,70.9,8,5.6,No,70.5
5.0,66.7,92.1,4,8.8,No,85.5
4.3,51.3,67.3,5,8.5,No,80.5
5.6,51.2,60.9,10,8.6,No,88.6
7.6,91.6,49.0,6,9.0,No,93.7
6.1,63.7,83.2,10,5.8,Yes,89.8
2.5,75.9,80.4,5,6.4,No,75.3
1.2,64.9,61.1,8,7.7,Yes,74.3
2.8,97.0,41.4,6,6.9,Yes,70.4
5.2,63.0,86.1,10,6.7,No,98.5
1.4,71.5,40.6,7,6.4,No,64.2
4.5,93.6,78.7,10,7.4,No,100.0
5.2,92.1,93.4,4,7.3,No,95.0
3.3,59.3,64.1,8,5.6,No,73.8
6.4,90.1,52.9,3,6.9,No,88.6
1.7,72.9,78.8,10,7.2,No,80.6
1.5,74.1,84.9,6,7.3,Yes,74.7
6.1,56.7,70.1,6,5.8,No,78.6
4.5,54.0,93.2,9,8.0,No,90.8
5.8,86.4,42.8,10,5.1,Yes,79.0
4.0,74.8,67.8,8,6.4,No,79.3
2.7,71.8,79.5,8,8.1,No,86.2
6.7,86.5,87.4,5,7.3,Yes,89.5
6.6,88.3,49.9,9,6.0,No,96.1
5.9,57.9,84.0,10,7.8,No,99.8
2.9,80.5,70.4,7,7.3,No,75.5
5.1,56.8,61.8,5,8.2,No,78.7
3.5,87.6,47.2,9,7.9,No,77.8
1.6,82.8,87.6,10,7.4,No,90.0
7.4,97.8,48.7,10,7.0,Yes,100.0
2.0,53.4,57.0,5,5.5,No,50.0
7.7,52.9,56.0,7,6.0,No,86.1
4.1,64.1,87.9,9,6.7,Yes,88.7
